<?xml version="1.0" encoding="UTF-8"?>
<project-private xmlns="http://www.netbeans.org/ns/project-private/1">
    <editor-bookmarks xmlns="http://www.netbeans.org/ns/editor-bookmarks/2" lastBookmarkId="0"/>
    <open-files xmlns="http://www.netbeans.org/ns/projectui-open-files/2">
        <group>
            <file>file:/C:/Users/sajib/OneDrive/Documents/MessFInalProject/MessManeger/src/messmaneger/monthlyFinalReportTable.java</file>
            <file>file:/C:/Users/sajib/OneDrive/Documents/MessFInalProject/MessManeger/src/messmaneger/AddMemberController.java</file>
            <file>file:/C:/Users/sajib/OneDrive/Documents/MessFInalProject/MessManeger/src/messmaneger/MonthlyTotallReportController.java</file>
            <file>file:/C:/Users/sajib/OneDrive/Documents/MessFInalProject/MessManeger/src/messmaneger/AddMeelController.java</file>
            <file>file:/C:/Users/sajib/OneDrive/Documents/MessFInalProject/MessManeger/src/messmaneger/AdminPaneController.java</file>
            <file>file:/C:/Users/sajib/OneDrive/Documents/MessFInalProject/MessManeger/src/messmaneger/UserPaneController.java</file>
        </group>
    </open-files>
</project-private>
